{
  "header": {
    "badge": {
      "text": "Game Server"
    },
    "title": "Minecraft Server Hosting",
    "description": "Servidores de Minecraft optimizados para México <60ms y LATAM con protección AntiDDoS."
  },
  "planTypes": [
    {
      "id": "premium",
      "name": "Premium",
      "displayName": "Ryzen 7900 PREMIUM",
      "image": "/cpu/ryzen9.png"
    }
  ],
  "plans": {
    "budget": [
      {
        "id": "budget-starter",
        "name": "NO STOCK",
        "cpu": "200%",
        "cpuDetail": "AMD Ryzen 5700G",
        "ram": "4 GB",
        "ramDetail": "DDR4 RAM",
        "storage": "20 GB",
        "storageDetail": "Almacenamiento SSD",
        "bandwidth": "Ilimitado",
        "bandwidthDetail": "Tráfico",
        "uptime": "OHZ 10Tbps Anti-DDoS",
        "price": "£6",
        "period": "/mes",
        "orderLink": "https://lobby.cprot.net/index.php?rp=/store/minecraft-premium/high-tier-1"
      }
    ],
    "premium": [
      {
        "id": "premium-proxy",
        "name": "MC-PROXY",
        "cpu": "100%",
        "cpuDetail": "AMD Ryzen 7900",
        "ram": "2 GB",
        "ramDetail": "DDR5 RAM",
        "storage": "20 GB",
        "storageDetail": "NVMe SSD",
        "bandwidth": "Ilimitado",
        "bandwidthDetail": "Tráfico",
        "uptime": "OHZ 10Tbps Anti-DDoS",
        "price": "£3.99",
        "period": "/3 meses",
        "orderLink": "https://lobby.cprot.net/index.php?rp=/store/minecraft-premium/mc-proxy"
      },
      {
        "id": "premium-arranque",
        "name": "High Tier 1",
        "cpu": "200%",
        "cpuDetail": "AMD Ryzen 7900",
        "ram": "4 GB",
        "ramDetail": "DDR5 RAM",
        "storage": "20 GB",
        "storageDetail": "NVMe SSD",
        "bandwidth": "Ilimitado",
        "bandwidthDetail": "Tráfico",
        "uptime": "CPROT 100Gbps Anti-DDoS",
        "price": "£6",
        "period": "/mes",
        "orderLink": "https://lobby.cprot.net/index.php?rp=/store/minecraft-premium/high-tier-1"
      },
      {
        "id": "premium-basico",
        "name": "High Tier 2",
        "cpu": "200%",
        "cpuDetail": "AMD Ryzen 7900",
        "badge": "POPULAR",
        "ram": "6 GB",
        "ramDetail": "DDR5 RAM",
        "storage": "30 GB",
        "storageDetail": "NVMe SSD",
        "bandwidth": "Ilimitado",
        "bandwidthDetail": "Tráfico",
        "uptime": "CPROT 100Gbps Anti-DDoS",
        "price": "£9",
        "period": "/mes",
        "orderLink": "https://lobby.cprot.net/index.php?rp=/store/minecraft-premium/high-tier-2"
      },
      {
        "id": "premium-estandar",
        "name": "High Tier 3",
        "cpu": "400%",
        "cpuDetail": "AMD Ryzen 7900",
        "ram": "8 GB",
        "ramDetail": "DDR5 RAM",
        "storage": "50 GB",
        "storageDetail": "NVMe SSD",
        "bandwidth": "Ilimitado",
        "bandwidthDetail": "Tráfico",
        "uptime": "CPROT 100Gbps Anti-DDoS",
        "price": "£12",
        "period": "/mes",
        "orderLink": "https://lobby.cprot.net/index.php?rp=/store/minecraft-premium/high-tier-3"
      },
      {
        "id": "premium-avanzado",
        "name": "High Tier 4",
        "cpu": "400%",
        "cpuDetail": "AMD Ryzen 7900",
        "ram": "12 GB",
        "ramDetail": "DDR5 RAM",
        "storage": "80 GB",
        "storageDetail": "NVMe SSD",
        "bandwidth": "Ilimitado",
        "bandwidthDetail": "Bandwidth",
        "uptime": "CPROT 100Gbps Anti-DDoS",
        "price": "£18",
        "period": "/mes",
        "orderLink": "https://lobby.cprot.net/index.php?rp=/store/minecraft-premium/high-tier-4"
      },
      {
        "id": "premium-diamante",
        "name": "High Tier 5",
        "cpu": "400%",
        "cpuDetail": "AMD Ryzen 7900",
        "ram": "16 GB",
        "ramDetail": "DDR5 RAM",
        "storage": "100 GB",
        "storageDetail": "NVMe SSD",
        "bandwidth": "Ilimitado",
        "bandwidthDetail": "Tráfico",
        "uptime": "CPROT 100Gbps Anti-DDoS",
        "price": "£24",
        "period": "/mes",
        "orderLink": "https://lobby.cprot.net/index.php?rp=/store/minecraft-premium/high-tier-5"
      },
      {
        "id": "premium-esmeralda",
        "name": "High Tier 6",
        "cpu": "500%",
        "cpuDetail": "AMD Ryzen 7900",
        "ram": "24 GB",
        "ramDetail": "DDR5 RAM",
        "storage": "200 GB",
        "storageDetail": "NVMe SSD",
        "bandwidth": "Ilimitado",
        "bandwidthDetail": "Tráfico",
        "uptime": "CPROT 100Gbps Anti-DDoS",
        "price": "£36",
        "period": "/mes",
        "orderLink": "https://lobby.cprot.net/index.php?rp=/store/minecraft-premium/high-tier-5"
      },
      {
        "id": "recursos",
        "name": "¿Necesitas más recursos?",
        "cpu": "16vCores+",
        "cpuDetail": "AMD Ryzen 7900",
        "ram": "Hasta 196 GB",
        "ramDetail": "DDR4 RAM",
        "storage": "Hasta 4 TB",
        "storageDetail": "NVMe SSD",
        "bandwidth": "Ilimitado",
        "bandwidthDetail": "Tráfico",
        "uptime": "CPROT 100Gbps Anti-DDoS",
        "price": "desde 2.49",
        "period": "/mes",
        "orderLink": "/vps"
      }
    ]
  }
}
