{
  "mainNavigation": [
    {
      "name": "Minecraft",
      "href": "/minecraft",
      "icon": "Gamepad2",
      "hasDropdown": false,
      "dropdownType": "games"
    },
    {
      "name": "VPS",
      "href": "/vps",
      "icon": "Cloud",
      "hasDropdown": false
    },
    {
      "name": "servidores dedicados",
      "href": "/dedicated",
      "icon": "Server",
      "hasDropdown": false
    },
    {
      "name": "Legal",
      "href": "/terms-of-service",
      "icon": "FileText",
      "hasDropdown": true,
      "dropdownType": "legal",
      "dropdownItems": [
        {
          "name": "Términos de servicio",
          "href": "/terms-of-service",
          "description": "Nuestro acuerdo de servicio y términos"
        },
        {
          "name": "Política de privacidad",
          "href": "/aviso-privacidad",
          "description": "Como manejamos sus datos personales"
        }
      ]
    }
  ],
  "socialLinks": [
    {
      "name": "Discord",
      "href": "https://discord.cprot.net",
      "icon": "discord"
    },
    {
      "name": "Twitter",
      "href": "#",
      "icon": "twitter"
    }
  ],
  "clientSpace": {
    "name": "LOBBY CLIENTES",
    "href": "https://lobby.cprot.net",
    "icon": "User"
  },
  "banner": {
    "show": true,
    "text": "PREVENTA Limitada 66% en VPS RYZEN 9950X 25/12/25 ",
    "couponCode": "9950XPREVENTA",
    "backgroundColor": "bg-blue-500"
  }
}
