{
  "section": {
    "title": {
      "prefix": "Elige tu",
      "highlight": "Servicio",
      "suffix": ""
    },
    "description": "Esto es lo que ofrecemos",
    "plans": [
      {
        "title": "Minecraft Servers",
        "image": "/banners/minecraft-banners.webp",
        "description": "",
        "basePrice": 0.99,
        "features": [
          "AMD Ryzen 7900's CPU",
          "200GB+ NVMe SSD",
          "16GB+ DDR5 RAM",
          "Soporte Profesional",
          "5Tbps Proteccion DDoS",
          "Plugins, Mods",
          "Trafico ilimitado",
          "Ubicaciones: Miami, México"
        ],
        "buttonText": "CATALOGO",
        "buttonStyle": "secondary",
        "popular": false,
        "link": "/minecraft"
      },
      {
        "title": "VPS KVM Hosting",
        "image": "/vps.webp",
        "description": "",
        "basePrice": 2.95,
        "features": [
          "AMD Ryzen 7900's CPU",
          "3000GB+ NVMe SSD",
          "128GB+ DDR5 RAM",
          "Soporte Profesional",
          "5Tbps Proteccion DDoS",
          "Acceso root",
          "Virtualización KVM",
          "Trafico ilimitado",
          "Ubicaciones: Miami, FL."
        ],
        "buttonText": "Ordena ahora",
        "buttonStyle": "primary",
        "popular": true,
        "link": "/vps"
      },
      {
        "title": "Servidores Dedicados",
        "image": "/dedicated.webp",
        "description": "Rendimiento Bare metal",
        "basePrice": 129,
        "features": [
          "AMD Ryzen 5900X CPU",
          "2TB NVMe SSD",
          "128GB DDR4 RAM",
          "Soporte Profesional",
          "100Gbps Proteccion DDoS",
          "Entrega 20 minutos",
          "Acceso root KVM",
          "Ubicaciones: Miami, FL."
        ],
        "buttonText": "Obten una cotización",
        "buttonStyle": "secondary",
        "popular": false,
        "link": "/dedicated"
      }
    ],
    "footer": {
      "text": "¿Necesitas algo diferente o personalizado?",
      "linkText": "Contacta nuestro equipo de ventas."
    }
  }
}
