{
  "header": {
    "badge": {
      "text": "VPS Ryzen Miami Hosting"
    },
    "title": "PREVENTA RYZEN 9950X VPS",
    "description1": "DESDE $1/GB DISPONIBLE A PARTIR DE EL 21 DE DICIEMBRE - RESERVA EL TUYO AHORA",
    "description": "2 Ubicaciones - CPUs AMD Ryzen - Almacenamiento NVMe - Proteccion AntiDDoS - Soporte 24/7"
  },
  "planTypes": [
    {
      "id": "ryzen-9",
      "name": "Ryzen 7900",
      "displayName": "Ryzen 7900",
      "image": "/cpu/ryzen9.png"
    },
    {
      "id": "ryzen-9950x",
      "name": "Ryzen 9950X",
      "displayName": "Ryzen 9950X",
      "image": "/cpu/ryzen9.png"
    },
    {
      "id": "ryzen-7",
      "name": "Ryzen 5700G",
      "displayName": "Ryzen 5700G",
      "image": "/cpu/ryzen7.png"
    }
  ],
  "locations": [
    {
      "id": "usa",
      "name": "Estados Unidos",
      "flag": "/flags/usa.webp",
      "displayName": "MIAMI",
      "availableCpus": ["ryzen-9950x", "ryzen-9"]
    },
    {
      "id": "mx",
      "name": "México",
      "flag": "/flags/mexico.webp",
      "displayName": "MÉXICO",
      "availableCpus": ["ryzen-7"]
    }
  ],
  "plans": {
    "ryzen-7": [
      {
        "id": "BVPS1",
        "name": "NO STOCK",
        "badge": "€99.99",
        "oferta": "1%",
        "image": "/cpu/ryzen7.png",
        "cpu": "1 Core",
        "cpuDetail": "Cores",
        "ram": "2 GB",
        "ramDetail": "DDR5 RAM",
        "storage": "25 GB",
        "storageDetail": "NVMe SSD",
        "bandwidth": "1 TB",
        "bandwidthDetail": "Bandwidth",
        "antiddos": "10Tbps",
        "antiddosDetail": "Premium Antiddos",
        "uplink": "2 Gbps",
        "uplinkDetail": "Uplink",
        "price": "$2.70",
        "period": "/mes",
        "orderLink": "https://lobby.cprot.net/"
      },
      {
        "id": "BVPS2",
        "name": "NO STOCK",
        "oferta": "1%",
        "badge": "€99.99",
        "image": "/cpu/ryzen7.png",
        "cpu": "1 Core",
        "cpuDetail": "Cores",
        "ram": "4 GB",
        "ramDetail": "DDR5 RAM",
        "storage": "50 GB",
        "storageDetail": "NVMe SSD",
        "bandwidth": "1 TB",
        "bandwidthDetail": "Bandwidth",
        "antiddos": "10Tbps",
        "antiddosDetail": "Premium Antiddos",
        "uplink": "2 Gbps",
        "uplinkDetail": "Uplink",
        "price": "$5.20",
        "period": "/mes",
        "orderLink": "/order/vps/BVPS2"
      },
      {
        "id": "BVPS3",
        "name": "NO STOCK",
        "oferta": "1%",
        "badge": "€99.99",
        "image": "/cpu/ryzen7.png",
        "cpu": "2 Cores",
        "cpuDetail": "Cores",
        "ram": "8 GB",
        "ramDetail": "DDR5 RAM",
        "storage": "100 GB",
        "storageDetail": "NVMe SSD",
        "bandwidth": "2 TB",
        "bandwidthDetail": "Bandwidth",
        "antiddos": "10Tbps",
        "antiddosDetail": "Premium Antiddos",
        "uplink": "2 Gbps",
        "uplinkDetail": "Uplink",
        "price": "$10.60",
        "period": "/mes",
        "orderLink": "https://lobby.cprot.net/"
      },
      {
        "id": "BVPS4",
        "name": "NO STOCK",
        "oferta": "1%",
        "badge": "€99.99",
        "image": "/cpu/ryzen7.png",
        "cpu": "3 Cores",
        "cpuDetail": "Cores",
        "ram": "12 GB",
        "ramDetail": "DDR5 RAM",
        "storage": "150 GB",
        "storageDetail": "NVMe SSD",
        "bandwidth": "3 TB",
        "bandwidthDetail": "Bandwidth",
        "antiddos": "10Tbps",
        "antiddosDetail": "Premium Antiddos",
        "uplink": "2 Gbps",
        "uplinkDetail": "Uplink",
        "price": "$15.60",
        "period": "/mes",
        "orderLink": "https://lobby.cprot.net/"
      },
      {
        "id": "BVPS5",
        "name": "NO STOCK",
        "oferta": "1%",
        "badge": "€99.99",
        "image": "/cpu/ryzen7.png",
        "cpu": "4 Cores",
        "cpuDetail": "Cores",
        "ram": "16 GB",
        "ramDetail": "DDR5 RAM",
        "storage": "200 GB",
        "storageDetail": "NVMe SSD",
        "bandwidth": "5 TB",
        "bandwidthDetail": "Bandwidth",
        "antiddos": "10Tbps",
        "antiddosDetail": "Premium Antiddos",
        "uplink": "2 Gbps",
        "uplinkDetail": "Uplink",
        "price": "$20.60",
        "period": "/mes",
        "orderLink": "https://lobby.cprot.net/"
      },
      {
        "id": "BVPS6",
        "name": "NO STOCK",
        "oferta": "1%",
        "badge": "€99.99",
        "image": "/cpu/ryzen7.png",
        "cpu": "6 Cores",
        "cpuDetail": "Cores",
        "ram": "32 GB",
        "ramDetail": "DDR5 RAM",
        "storage": "256 GB",
        "storageDetail": "NVMe SSD",
        "bandwidth": "10 TB",
        "bandwidthDetail": "Bandwidth",
        "antiddos": "10Tbps",
        "antiddosDetail": "Premium Antiddos",
        "uplink": "2 Gbps",
        "uplinkDetail": "Uplink",
        "price": "$40.60",
        "period": "/mes",
        "orderLink": "https://lobby.cprot.net/"
      }
    ],
    "ryzen-9": [
      {
        "id": "AV-VPS-1",
        "name": "AVANZADO 1",
        "badge": "€4.00",
        "oferta": "5%",
        "image": "/cpu/ryzen9.png",
        "cpu": "1 Core",
        "cpuDetail": "Cores",
        "ram": "2 GB",
        "ramDetail": "DDR5 RAM",
        "storage": "20 GB",
        "storageDetail": "NVMe SSD",
        "bandwidth": "500 GB",
        "bandwidthDetail": "TRAFICO",
        "antiddos": "100Gbps",
        "antiddosDetail": "Antiddos",
        "uplink": "2 Gbps",
        "uplinkDetail": "Uplink",
        "price": "€3.95",
        "period": "/mes",
        "orderLink": "https://lobby.cprot.net/index.php?rp=/store/vps-avanzado/tier-1"
      },
      {
        "id": "AV-VPS-2",
        "name": "AVANZADO 2",
        "badge": "€8.00",
        "oferta": "5%",
        "image": "/cpu/ryzen9.png",
        "cpu": "1 Core",
        "cpuDetail": "Cores",
        "ram": "4 GB",
        "ramDetail": "DDR5 RAM",
        "storage": "40 GB",
        "storageDetail": "NVMe SSD",
        "bandwidth": "1 TB",
        "bandwidthDetail": "TRAFICO",
        "antiddos": "100Gbps",
        "antiddosDetail": "Antiddos",
        "uplink": "2 Gbps",
        "uplinkDetail": "Uplink",
        "price": "€7.95",
        "period": "/mes",
        "orderLink": "https://lobby.cprot.net/index.php?rp=/store/vps-avanzado/tier-2"
      },
      {
        "id": "AV-VPS-3",
        "name": "AVANZADO 3",
        "badge": "€16.00",
        "oferta": "5%",
        "image": "/cpu/ryzen9.png",
        "cpu": "2 Cores",
        "cpuDetail": "Cores",
        "ram": "8 GB",
        "ramDetail": "DDR5 RAM",
        "storage": "80 GB",
        "storageDetail": "NVMe SSD",
        "bandwidth": "1 TB",
        "bandwidthDetail": "TRAFICO",
        "antiddos": "100Gbps",
        "antiddosDetail": "Antiddos",
        "uplink": "2 Gbps",
        "uplinkDetail": "Uplink",
        "price": "€15.95",
        "period": "/mes",
        "orderLink": "https://lobby.cprot.net/index.php?rp=/store/vps-avanzado/tier-3"
      },
      {
        "id": "AV-VPS-4",
        "name": "AVANZADO 4",
        "badge": "€24.00",
        "oferta": "5%",
        "image": "/cpu/ryzen9.png",
        "cpu": "3 Cores",
        "cpuDetail": "Cores",
        "ram": "12 GB",
        "ramDetail": "DDR5 RAM",
        "storage": "120 GB",
        "storageDetail": "NVMe SSD",
        "bandwidth": "2 TB",
        "bandwidthDetail": "TRAFICO",
        "antiddos": "100Gbps",
        "antiddosDetail": "Antiddos",
        "uplink": "2 Gbps",
        "uplinkDetail": "Uplink",
        "price": "€23.95",
        "period": "/mes",
        "orderLink": "https://lobby.cprot.net/index.php?rp=/store/vps-avanzado/tier-4"
      },
      {
        "id": "AV-VPS-5",
        "name": "AVANZADO 5",
        "badge": "€32.00",
        "oferta": "10%",
        "image": "/cpu/ryzen9.png",
        "cpu": "4 Cores",
        "cpuDetail": "Cores",
        "ram": "16 GB",
        "ramDetail": "DDR5 RAM",
        "storage": "200 GB",
        "storageDetail": "NVMe SSD",
        "bandwidth": "4 TB",
        "bandwidthDetail": "TRAFICO",
        "antiddos": "100Gbps",
        "antiddosDetail": "Antiddos",
        "uplink": "2 Gbps",
        "uplinkDetail": "Uplink",
        "price": "€29.95",
        "period": "/mes",
        "orderLink": "https://lobby.cprot.net/index.php?rp=/store/vps-avanzado/tier-5"
      },
      {
        "id": "AV-VPS-6",
        "name": "AVANZADO 6",
        "badge": "€48.00",
        "oferta": "10%",
        "image": "/cpu/ryzen9.png",
        "cpu": "5 Cores",
        "cpuDetail": "Cores",
        "ram": "24 GB",
        "ramDetail": "DDR5 RAM",
        "storage": "300 GB",
        "storageDetail": "NVMe SSD",
        "bandwidth": "5 TB",
        "bandwidthDetail": "TRAFICO",
        "antiddos": "100Gbps",
        "antiddosDetail": "Antiddos",
        "uplink": "2 Gbps",
        "uplinkDetail": "Uplink",
        "price": "€45.95",
        "period": "/mes",
        "orderLink": "https://lobby.cprot.net/index.php?rp=/store/vps-avanzado/tier-6"
      },
      {
        "id": "AV-VPS-7",
        "name": "AVANZADO 7",
        "badge": "€64.00",
        "oferta": "11%",
        "image": "/cpu/ryzen9.png",
        "cpu": "6 Cores",
        "cpuDetail": "Cores",
        "ram": "32 GB",
        "ramDetail": "DDR5 RAM",
        "storage": "400 GB",
        "storageDetail": "NVMe SSD",
        "bandwidth": "5 TB",
        "bandwidthDetail": "TRAFICO",
        "antiddos": "100Gbps",
        "antiddosDetail": "Antiddos",
        "uplink": "2 Gbps",
        "uplinkDetail": "Uplink",
        "price": "€61.95",
        "period": "/mes",
        "orderLink": "https://lobby.cprot.net/index.php?rp=/store/vps-avanzado/tier-7"
      },
      {
        "id": "AV-VPS-8",
        "name": "AVANZADO 8",
        "badge": "€96.00",
        "oferta": "15%",
        "image": "/cpu/ryzen9.png",
        "cpu": "8 Cores",
        "cpuDetail": "Cores",
        "ram": "48 GB",
        "ramDetail": "DDR5 RAM",
        "storage": "600 GB",
        "storageDetail": "NVMe SSD",
        "bandwidth": "7 TB",
        "bandwidthDetail": "TRAFICO",
        "antiddos": "100Gbps",
        "antiddosDetail": "Antiddos",
        "uplink": "2 Gbps",
        "uplinkDetail": "Uplink",
        "price": "€89.95",
        "period": "/mes",
        "orderLink": "https://lobby.cprot.net/index.php?rp=/store/vps-avanzado/tier8"
      },
      {
        "id": "AV-VPS-9",
        "name": "AVANZADO 9",
        "badge": "€128.00",
        "oferta": "25%",
        "image": "/cpu/ryzen9.png",
        "cpu": "10 Cores",
        "cpuDetail": "Cores",
        "ram": "64 GB",
        "ramDetail": "DDR5 RAM",
        "storage": "960 GB",
        "storageDetail": "NVMe SSD",
        "bandwidth": "8 TB",
        "bandwidthDetail": "TRAFICO",
        "antiddos": "100Gbps",
        "antiddosDetail": "Antiddos",
        "uplink": "2 Gbps",
        "uplinkDetail": "Uplink",
        "price": "€99.95",
        "period": "/mes",
        "orderLink": "https://lobby.cprot.net/index.php?rp=/store/vps-avanzado/tier-9"
      },
      {
        "id": "AV-VPS-10",
        "name": "AVANZADO 10",
        "badge": "€192.00",
        "oferta": "45%",
        "image": "/cpu/ryzen9.png",
        "cpu": "12 Cores",
        "cpuDetail": "Cores",
        "ram": "96 GB",
        "ramDetail": "DDR5 RAM",
        "storage": "1.5 TB",
        "storageDetail": "NVMe SSD",
        "bandwidth": "10 TB",
        "bandwidthDetail": "TRAFICO",
        "antiddos": "100Gbps",
        "antiddosDetail": "Antiddos",
        "uplink": "2 Gbps",
        "uplinkDetail": "Uplink",
        "price": "€109.95",
        "period": "/mes",
        "orderLink": "https://lobby.cprot.net/index.php?rp=/store/vps-avanzado/tier-10"
      }
    ],
    "ryzen-9950x": [
      {
        "id": "PREMIUM-VPS-1",
        "name": "PREVENTA TIER 1",
        "badge": "€9.00",
        "oferta": "66%",
        "image": "/cpu/ryzen9.png",
        "cpu": "1 Core",
        "cpuDetail": "Cores",
        "ram": "2 GB",
        "ramDetail": "DDR5 RAM",
        "storage": "30 GB",
        "storageDetail": "NVMe SSD",
        "bandwidth": "750 GB",
        "bandwidthDetail": "TRAFICO",
        "antiddos": "10Tbps",
        "antiddosDetail": "Premium Antiddos",
        "uplink": "2 Gbps",
        "uplinkDetail": "Uplink",
        "price": "€3.00",
        "period": "/mes",
        "orderLink": "https://lobby.cprot.net/index.php?rp=/store/preventa-ryzen-9950x/tier-1&promocode=9950XPREVENTA"
      },
      {
        "id": "PREMIUM-VPS-2",
        "name": "PREVENTA TIER 2",
        "badge": "€12.00",
        "oferta": "66%",
        "image": "/cpu/ryzen9.png",
        "cpu": "1 Core",
        "cpuDetail": "Cores",
        "ram": "4 GB",
        "ramDetail": "DDR5 RAM",
        "storage": "60 GB",
        "storageDetail": "NVMe SSD",
        "bandwidth": "1.5 TB",
        "bandwidthDetail": "TRAFICO",
        "antiddos": "10Tbps",
        "antiddosDetail": "Premium Antiddos",
        "uplink": "2 Gbps",
        "uplinkDetail": "Uplink",
        "price": "€4.00",
        "period": "/mes",
        "orderLink": "https://lobby.cprot.net/index.php?rp=/store/preventa-ryzen-9950x/tier-2&promocode=9950XPREVENTA"
      },
      {
        "id": "PREMIUM-VPS-3",
        "name": "PREVENTA TIER 3",
        "badge": "€24.00",
        "oferta": "66%",
        "image": "/cpu/ryzen9.png",
        "cpu": "2 Cores",
        "cpuDetail": "Cores",
        "ram": "8 GB",
        "ramDetail": "DDR5 RAM",
        "storage": "120 GB",
        "storageDetail": "NVMe SSD",
        "bandwidth": "1.5 TB",
        "bandwidthDetail": "TRAFICO",
        "antiddos": "10Tbps",
        "antiddosDetail": "Premium Antiddos",
        "uplink": "2 Gbps",
        "uplinkDetail": "Uplink",
        "price": "€8.00",
        "period": "/mes",
        "orderLink": "https://lobby.cprot.net/index.php?rp=/store/preventa-ryzen-9950x/tier-3&promocode=9950XPREVENTA"
      },
      {
        "id": "PREMIUM-VPS-4",
        "name": "PREVENTA TIER 4",
        "badge": "€36.00",
        "oferta": "66%",
        "image": "/cpu/ryzen9.png",
        "cpu": "3 Cores",
        "cpuDetail": "Cores",
        "ram": "12 GB",
        "ramDetail": "DDR5 RAM",
        "storage": "180 GB",
        "storageDetail": "NVMe SSD",
        "bandwidth": "3 TB",
        "bandwidthDetail": "TRAFICO",
        "antiddos": "10Tbps",
        "antiddosDetail": "Premium Antiddos",
        "uplink": "2 Gbps",
        "uplinkDetail": "Uplink",
        "price": "€12.00",
        "period": "/mes",
        "orderLink": "https://lobby.cprot.net/index.php?rp=/store/preventa-ryzen-9950x/tier-4&promocode=9950XPREVENTA"
      },
      {
        "id": "PREMIUM-VPS-5",
        "name": "PREVENTA TIER 5",
        "badge": "€48.00",
        "oferta": "66%",
        "image": "/cpu/ryzen9.png",
        "cpu": "4 Cores",
        "cpuDetail": "Cores",
        "ram": "16 GB",
        "ramDetail": "DDR5 RAM",
        "storage": "300 GB",
        "storageDetail": "NVMe SSD",
        "bandwidth": "4 TB",
        "bandwidthDetail": "TRAFICO",
        "antiddos": "10Tbps",
        "antiddosDetail": "Premium Antiddos",
        "uplink": "2 Gbps",
        "uplinkDetail": "Uplink",
        "price": "€16.00",
        "period": "/mes",
        "orderLink": "https://lobby.cprot.net/index.php?rp=/store/preventa-ryzen-9950x/tier-5&promocode=9950XPREVENTA"
      },
      {
        "id": "PREMIUM-VPS-6",
        "name": "PREVENTA TIER 6",
        "badge": "€72.00",
        "oferta": "66%",
        "image": "/cpu/ryzen9.png",
        "cpu": "5 Cores",
        "cpuDetail": "Cores",
        "ram": "24 GB",
        "ramDetail": "DDR5 RAM",
        "storage": "450 GB",
        "storageDetail": "NVMe SSD",
        "bandwidth": "5 TB",
        "bandwidthDetail": "TRAFICO",
        "antiddos": "10Tbps",
        "antiddosDetail": "Premium Antiddos",
        "uplink": "2 Gbps",
        "uplinkDetail": "Uplink",
        "price": "€24.00",
        "period": "/mes",
        "orderLink": "https://lobby.cprot.net/index.php?rp=/store/preventa-ryzen-9950x/tier-6&promocode=9950XPREVENTA"
      },
      {
        "id": "PREMIUM-VPS-7",
        "name": "PREVENTA TIER 7",
        "badge": "€96.00",
        "oferta": "66%",
        "image": "/cpu/ryzen9.png",
        "cpu": "6 Cores",
        "cpuDetail": "Cores",
        "ram": "32 GB",
        "ramDetail": "DDR5 RAM",
        "storage": "600 GB",
        "storageDetail": "NVMe SSD",
        "bandwidth": "6 TB",
        "bandwidthDetail": "TRAFICO",
        "antiddos": "10Tbps",
        "antiddosDetail": "Premium Antiddos",
        "uplink": "2 Gbps",
        "uplinkDetail": "Uplink",
        "price": "€32.00",
        "period": "/mes",
        "orderLink": "https://lobby.cprot.net/index.php?rp=/store/preventa-ryzen-9950x/tier-7&promocode=9950XPREVENTA"
      },
      {
        "id": "PREMIUM-VPS-8",
        "name": "PREVENTA TIER 8",
        "badge": "€144.00",
        "oferta": "66%",
        "image": "/cpu/ryzen9.png",
        "cpu": "8 Cores",
        "cpuDetail": "Cores",
        "ram": "48 GB",
        "ramDetail": "DDR5 RAM",
        "storage": "900 GB",
        "storageDetail": "NVMe SSD",
        "bandwidth": "7 TB",
        "bandwidthDetail": "TRAFICO",
        "antiddos": "10Tbps",
        "antiddosDetail": "Premium Antiddos",
        "uplink": "2 Gbps",
        "uplinkDetail": "Uplink",
        "price": "€48.00",
        "period": "/mes",
        "orderLink": "https://lobby.cprot.net/index.php?rp=/store/preventa-ryzen-9950x/tier-8&promocode=9950XPREVENTA"
      },
      {
        "id": "PREMIUM-VPS-9",
        "name": "PREVENTA TIER 9",
        "badge": "€192.00",
        "oferta": "66%",
        "image": "/cpu/ryzen9.png",
        "cpu": "10 Cores",
        "cpuDetail": "Cores",
        "ram": "64 GB",
        "ramDetail": "DDR5 RAM",
        "storage": "1200 GB",
        "storageDetail": "NVMe SSD",
        "bandwidth": "8 TB",
        "bandwidthDetail": "TRAFICO",
        "antiddos": "10Tbps",
        "antiddosDetail": "Premium Antiddos",
        "uplink": "2 Gbps",
        "uplinkDetail": "Uplink",
        "price": "€64.00",
        "period": "/mes",
        "orderLink": "https://lobby.cprot.net/index.php?rp=/store/preventa-ryzen-9950x/tier-9&promocode=9950XPREVENTA"
      },
      {
        "id": "PREMIUM-VPS-10",
        "name": "PREVENTA TIER 10",
        "badge": "€288.00",
        "oferta": "66%",
        "image": "/cpu/ryzen9.png",
        "cpu": "12 Cores",
        "cpuDetail": "Cores",
        "ram": "96 GB",
        "ramDetail": "DDR5 RAM",
        "storage": "1500 GB",
        "storageDetail": "NVMe SSD",
        "bandwidth": "10 TB",
        "bandwidthDetail": "TRAFICO",
        "antiddos": "10Tbps",
        "antiddosDetail": "Premium Antiddos",
        "uplink": "2 Gbps",
        "uplinkDetail": "Uplink",
        "price": "€96.00",
        "period": "/mes",
        "orderLink": "https://lobby.cprot.net/index.php?rp=/store/preventa-ryzen-9950x/tier-10&promocode=9950XPREVENTA"
      },
      {
        "id": "PREMIUM-VPS-11",
        "name": "PREVENTA TIER 11",
        "badge": "€384.00",
        "oferta": "66%",
        "image": "/cpu/ryzen9.png",
        "cpu": "16 Cores",
        "cpuDetail": "Cores",
        "ram": "128 GB",
        "ramDetail": "DDR5 RAM",
        "storage": "2000 GB",
        "storageDetail": "NVMe SSD",
        "bandwidth": "15 TB",
        "bandwidthDetail": "TRAFICO",
        "antiddos": "10Tbps",
        "antiddosDetail": "Premium Antiddos",
        "uplink": "2 Gbps",
        "uplinkDetail": "Uplink",
        "price": "€128.00",
        "period": "/mes",
        "orderLink": "https://lobby.cprot.net/index.php?rp=/store/preventa-ryzen-9950x/tier-11&promocode=9950XPREVENTA"
      },
      {
        "id": "PREMIUM-VPS-12",
        "name": "PREVENTA TIER 12",
        "badge": "€576.00",
        "oferta": "66%",
        "image": "/cpu/ryzen9.png",
        "cpu": "24 Cores",
        "cpuDetail": "Cores",
        "ram": "192 GB",
        "ramDetail": "DDR5 RAM",
        "storage": "3000 GB",
        "storageDetail": "NVMe SSD",
        "bandwidth": "15 TB",
        "bandwidthDetail": "TRAFICO",
        "antiddos": "10Tbps",
        "antiddosDetail": "Premium Antiddos",
        "uplink": "2 Gbps",
        "uplinkDetail": "Uplink",
        "price": "€192.00",
        "period": "/mes",
        "orderLink": "https://lobby.cprot.net/index.php?rp=/store/preventa-ryzen-9950x/tier-12&promocode=9950XPREVENTA"
      }
    ]
  }
}